<?xml version="1.0" encoding="utf-8"?>
<ApplicationInstallerManifest>
   <DefaultInstallationDirectory>/Applications/CBMAT/filter_by_tissue/</DefaultInstallationDirectory>
   <ApplicationName>filter_by_tissue_comp</ApplicationName>
   <ExecutableName>application/filter_by_tissue_comp.exe</ExecutableName>
   <GUID>79440ad3-9dd6-41f5-ac97-04e44572caba</GUID>
   <ApplicationIcon>default_icon_48.png</ApplicationIcon>
   <Logo>logo6534071568836197021.tmp</Logo>
   <Version>1.0</Version>
   <InstallationNotes>In the following directions, replace MCR_ROOT by the directory where the MATLAB Runtime is installed on the target machine.

If the environment variable DYLD_LIBRARY_PATH is undefined, set it to the concatenation of the following strings:

    MCR_ROOT/v901/runtime/maci64:
    MCR_ROOT/v901/sys/os/maci64:
    MCR_ROOT/v901/bin/maci64

If it is defined, set it to the concatenation of these strings:

    ${LD_LIBRARY_PATH}: 
    MCR_ROOT/v901/runtime/maci64:
    MCR_ROOT/v901/sys/os/maci64:
    MCR_ROOT/v901/bin/maci64</InstallationNotes>
   <AuthorOrganization>FocusLab, University of Torino, Italy</AuthorOrganization>
   <WelcomePanelText>filter_by_tissue_comp 1.0

CBMAT is a MATLAB suite of user-friendly and automated functions assisting researchers through data preparation for coordinate-based meta-analysis and post-hoc analyses

Jordi Manuello
jordi.manuello@unito.it</WelcomePanelText>
   <MCRProducts>
      <MCRProduct>
         <ExternalProductIdentifier>35010</ExternalProductIdentifier>
      </MCRProduct>
   </MCRProducts>
</ApplicationInstallerManifest>