<?xml version="1.0" encoding="utf-8"?>
<ApplicationInstallerManifest>
   <DefaultInstallationDirectory>/Applications/CBMAT/prepare_MACM/</DefaultInstallationDirectory>
   <ApplicationName>prepare_MACM_comp</ApplicationName>
   <ExecutableName>application/prepare_MACM_comp.exe</ExecutableName>
   <GUID>329811e7-4529-46cd-ae83-bdade6776a78</GUID>
   <ApplicationIcon>default_icon_48.png</ApplicationIcon>
   <Logo>logo7214559281403764032.tmp</Logo>
   <Version>1.0</Version>
   <InstallationNotes>In the following directions, replace MCR_ROOT by the directory where the MATLAB Runtime is installed on the target machine.

If the environment variable DYLD_LIBRARY_PATH is undefined, set it to the concatenation of the following strings:

    MCR_ROOT/v901/runtime/maci64:
    MCR_ROOT/v901/sys/os/maci64:
    MCR_ROOT/v901/bin/maci64

If it is defined, set it to the concatenation of these strings:

    ${LD_LIBRARY_PATH}: 
    MCR_ROOT/v901/runtime/maci64:
    MCR_ROOT/v901/sys/os/maci64:
    MCR_ROOT/v901/bin/maci64</InstallationNotes>
   <AuthorOrganization>FocusLab, University of Torino, Italy</AuthorOrganization>
   <WelcomePanelText>prepare_MACM_comp 1.0

CBMAT is a MATLAB suite of user-friendly and automated functions assisting researchers through data preparation for coordinate-based meta-analysis and post-hoc analyses

Jordi Manuello
jordi.manuello@unito.it</WelcomePanelText>
   <MCRProducts>
      <MCRProduct>
         <ExternalProductIdentifier>35010</ExternalProductIdentifier>
      </MCRProduct>
   </MCRProducts>
</ApplicationInstallerManifest>